{
  "query_analyze": [
    0.0002674999996088445,
    0.0004853999998886138,
    0.00019119999979011482,
    0.00016200000027311035,
    0.0001855000000432483,
    0.00015179999991232762,
    0.00018810000074154232,
    0.0002879999992728699,
    0.00015319999965868192,
    0.00017969999953493243,
    0.00013749999925494194,
    0.00015410000014526304,
    0.00018230000023322646,
    0.00011670000094454736,
    0.00012369999967631884,
    0.00010959999963233713,
    0.00015379999967990443,
    0.00018190000082540791,
    0.00010970000039378647,
    0.00013639999997394625,
    0.00012900000001536682,
    0.00021180000112508424,
    0.00010729999848990701,
    0.0001291999997192761,
    0.00013250000120024197,
    0.00019559999964258168,
    0.0001602000011189375,
    0.0001526000014564488,
    8.820000039122533e-05,
    0.00012900000001536682,
    7.120000009308569e-05,
    0.001015699999697972,
    0.0002722999997786246,
    7.329999971261714e-05,
    0.00013949999993201345,
    0.0001419000000169035,
    0.0001229999998031417,
    0.00017099999968195334,
    0.00015319999874918722,
    0.00016689999938535038
  ],
  "retrieve (semantic+bm25)": [
    0.17268429999967339,
    0.01817600000049424,
    0.018085400000018126,
    0.01803509999990638,
    0.017129599999861966,
    0.022889199999553966,
    0.02342450000014651,
    0.023572300000523683,
    0.018667000000277767,
    0.017954099999769824,
    0.02447039999970002,
    0.0167356000001746,
    0.01719279999997525,
    0.018587099999422207,
    0.01752889999988838,
    0.018224600000394275,
    0.01723889999993844,
    0.018239400000311434,
    0.01740549999885843,
    0.018711300001086784,
    0.019253499998740153,
    0.017512600001282408,
    0.017077699998480966,
    0.017679800001133117,
    0.018957800000862335,
    0.022780200000852346,
    0.01759449999917706,
    0.017894000000524102,
    0.018947699998534517,
    0.018227200000183075,
    0.018681999999898835,
    0.01978629999939585,
    0.017332400000668713,
    0.018011199999818928,
    0.01900759999989532,
    0.01736220000020694,
    0.01788699999997334,
    0.0178144000001339,
    0.01655399999981455,
    0.02042989999972633
  ],
  "rrf_fuse": [
    0.00019359999987500487,
    0.00017949999983102316,
    8.720000005268957e-05,
    0.0001005000003715395,
    7.439999990310753e-05,
    7.129999994504033e-05,
    0.00017969999953493243,
    0.0001357000001007691,
    0.00020420000055310084,
    0.0001405000002705492,
    6.0399999711080454e-05,
    8.299999899463728e-05,
    0.00011050000102841295,
    8.039999920583796e-05,
    8.349999916390516e-05,
    0.0001632999992580153,
    0.000218999999560765,
    7.790000017848797e-05,
    0.0001274999995075632,
    7.519999962823931e-05,
    0.00012040000001434237,
    0.00010300000030838419,
    8.800000068731606e-05,
    8.750000051804818e-05,
    9.159999899566174e-05,
    0.0001004999994620448,
    0.00019009999959962443,
    0.00012690000039583538,
    6.629999916185625e-05,
    0.00010119999933522195,
    0.00015999999959603883,
    9.490000047662761e-05,
    7.980000009411015e-05,
    9.929999941959977e-05,
    0.00012760000026901253,
    0.00011610000001383014,
    9.499999941908754e-05,
    0.00019290000091132242,
    0.00013129999933880754,
    8.25000006443588e-05
  ],
  "rerank": [
    1.372562000000471,
    1.428532100000666,
    1.3704048999998122,
    1.6654289999996763,
    1.3468259999999646,
    1.4714611000008517,
    1.6733589999994365,
    1.782094600000164,
    1.411503299999822,
    1.3607876999994915,
    1.4880333999999493,
    1.5930213999999978,
    1.727921100000458,
    1.763954800000647,
    1.7069917999997415,
    1.9416731999990589,
    1.4010278999994625,
    1.6554511000013008,
    1.67141840000113,
    1.704334399999425,
    1.5895158000002994,
    1.4966156000009505,
    1.56632350000109,
    1.679037399999288,
    1.2705000000005384,
    1.8532646000003297,
    1.5541897000002791,
    1.5892101000008552,
    1.4100818000006257,
    1.5239880999997695,
    1.309956900000543,
    1.6406191000005492,
    1.7172731000009662,
    1.4986754000001383,
    1.5037978000000294,
    1.685771600001317,
    1.7157071000001451,
    1.5843164999987494,
    1.5839292000000569,
    1.506002799998896
  ],
  "mermaid_retrieve": [
    0.00014009999995323597,
    0.00017690000004222384,
    9.260000024369219e-05,
    0.00010879999990720535,
    6.759999996575061e-05,
    9.15000000532018e-05,
    8.439999965048628e-05,
    0.0002733000001171604,
    9.01000003068475e-05,
    8.789999992586672e-05,
    0.00016210000012506498,
    9.019999924930744e-05,
    0.0001384999995934777,
    9.00999984878581e-05,
    0.00011389999963284936,
    0.00017140000090876129,
    8.38999985717237e-05,
    8.66999998834217e-05,
    0.00011640000047918875,
    0.0001281000004382804,
    5.2800000048591755e-05,
    9.4600000011269e-05,
    8.990000060293823e-05,
    6.510000093840063e-05,
    0.00010850000035134144,
    4.040000021632295e-05,
    6.680000115011353e-05,
    6.470000153058209e-05,
    6.500000017695129e-05,
    6.859999848529696e-05,
    0.0001390999987052055,
    0.00012629999946511816,
    9.580000005371403e-05,
    8.410000009462237e-05,
    0.00010250000013911631,
    9.760000102687627e-05,
    0.007058699999106466,
    0.006471099999544094,
    8.879999950295314e-05,
    9.160000081465114e-05
  ],
  "context_build": [
    0.0001421999995727674,
    0.0001191000001199427,
    0.00012489999971876387,
    6.83999996908824e-05,
    0.0001081000000340282,
    0.00014569999984814785,
    9.959999988495838e-05,
    0.00012520000018412247,
    0.00012119999973947415,
    0.0001067000002876739,
    9.59999997576233e-05,
    0.0001812999998946907,
    0.00011629999971773941,
    0.000158200000441866,
    0.0001604999997653067,
    0.00014290000035543926,
    8.630000047560316e-05,
    0.0001188000005640788,
    0.00018620000082592014,
    0.00010850000035134144,
    5.480000072566327e-05,
    0.00013300000136950985,
    8.619999971415382e-05,
    0.00013480000052368268,
    0.0001778999994712649,
    4.259999877831433e-05,
    9.619999946153257e-05,
    0.00015180000082182232,
    0.00017769999976735562,
    0.0001768000001902692,
    0.00013969999963592272,
    0.00014029999874765053,
    8.920000072976109e-05,
    9.060000047611538e-05,
    6.310000026132911e-05,
    0.0001021999996737577,
    7.000000005064066e-05,
    7.990000085555948e-05,
    0.000137400000312482,
    8.350000098289456e-05
  ],
  "prompt_build": [
    7.610000011482043e-05,
    0.0001289000001634122,
    8.479999996779952e-05,
    9.339999996882398e-05,
    8.170000000973232e-05,
    0.00013249999938125256,
    4.850000004807953e-05,
    0.00019360000078449957,
    0.0001681000003372901,
    0.0001066999993781792,
    6.479999956354732e-05,
    0.00014659999942523427,
    0.00010450000081618782,
    0.0001112000009015901,
    0.00012679999963438604,
    0.00017519999892101623,
    0.00011790000098699238,
    0.00014560000090568792,
    7.389999882434495e-05,
    0.00011579999954847153,
    4.8600000809528865e-05,
    0.00016139999934239313,
    0.0001233000002685003,
    7.46000005165115e-05,
    6.41999995423248e-05,
    9.419999878446106e-05,
    0.00011040000026696362,
    4.830000034417026e-05,
    0.00012990000141144264,
    0.000146399999721325,
    0.00013750000107393134,
    7.050000021990854e-05,
    0.00018060000002151355,
    9.040000077220611e-05,
    0.00011110000014014076,
    0.0001250000004802132,
    8.430000161752105e-05,
    0.00011550000090210233,
    7.220000043162145e-05,
    0.00010710000060498714
  ],