{
  "quality": {
    "semantic": {
      "n_queries": 40,
      "recall@1": 0.4,
      "ndcg@1": 0.4,
      "recall@3": 0.6,
      "ndcg@3": 0.5130929753571458,
      "recall@5": 0.7,
      "ndcg@5": 0.5539694436225424,
      "recall@10": 0.8,
      "ndcg@10": 0.5852144865357807,
      "mrr": 0.5243371212121212
    },
    "bm25": {
      "n_queries": 40,
      "recall@1": 0.675,
      "ndcg@1": 0.675,
      "recall@3": 0.75,
      "ndcg@3": 0.7190464876785729,
      "recall@5": 0.75,
      "ndcg@5": 0.7190464876785729,
      "recall@10": 0.825,
      "ndcg@10": 0.7440834676919212,
      "mrr": 0.722202380952381
    },
    "rrf": {
      "n_queries": 40,
      "recall@1": 0.525,
      "ndcg@1": 0.525,
      "recall@3": 0.75,
      "ndcg@3": 0.6538662191964322,
      "recall@5": 0.75,
      "ndcg@5": 0.6538662191964322,
      "recall@10": 0.8,
      "ndcg@10": 0.6694261731877127,
      "mrr": 0.6393856421356421
    },
    "reranked": {
      "n_queries": 40,
      "recall@1": 0.625,
      "ndcg@1": 0.625,
      "recall@3": 0.8,
      "ndcg@3": 0.7321394630357186,
      "recall@5": 0.9,
      "ndcg@5": 0.7719203375301441,
      "recall@10": 0.975,
      "ndcg@10": 0.7966846004327774,
      "mrr": 0.7400992063492063
    }
  },
  "latency": {
    "semantic": {
      "mean_ms": 20.973379999941244,
      "p95_ms": 10.349600000154169
    },
    "bm25": {
      "mean_ms": 0.655437500017797,
      "p95_ms": 0.9295999998357729
    },
    "rrf": {
      "mean_ms": 0.1275199999781762,
      "p95_ms": 0.1964999992196681
    },
    "reranked": {
      "mean_ms": 1383.2651149999947,
      "p95_ms": 1604.8178000000917
    }
  }
}